<?xml version="1.0" encoding="UTF-8"?>
<!DOCTYPE beans PUBLIC "-//SPRING//DTD BEAN 2.0//EN"
    "http://www.springframework.org/dtd/spring-beans-2.0.dtd">

<beans>

<bean id="messageSource"
		class="org.springframework.context.support.ResourceBundleMessageSource">
		<property name="basename">
			<value>\messages</value>
		</property>
	</bean>
	
	<bean id="messageSourceAccessor"
		class="org.springframework.context.support.MessageSourceAccessor">
		<constructor-arg  ref="messageSource"/>
	</bean>

</beans>